               epoch,      train/box_loss,      train/obj_loss,      train/cls_loss,   metrics/precision,      metrics/recall,     metrics/mAP_0.5,metrics/mAP_0.5:0.95,        val/box_loss,        val/obj_loss,        val/cls_loss,               x/lr0,               x/lr1,               x/lr2
                   0,             0.10201,             0.01403,            0.019675,            0.060887,             0.19847,            0.039149,            0.010883,            0.083514,           0.0086895,           0.0097214,            0.070455,           0.0032828,           0.0032828
                   1,            0.075477,             0.01877,           0.0050664,             0.15757,             0.22137,             0.10147,            0.031444,            0.071024,           0.0083764,           0.0029631,            0.040433,           0.0065943,           0.0065943
                   2,            0.066859,             0.01769,           0.0020954,             0.28747,             0.38931,             0.22742,            0.088864,            0.065968,           0.0081553,           0.0014453,            0.010389,           0.0098838,           0.0098838
                   3,            0.060695,            0.017607,           0.0016357,             0.24203,             0.34733,             0.16213,            0.051256,             0.06553,           0.0080217,           0.0011249,            0.009901,            0.009901,            0.009901
                   4,            0.056159,            0.017555,           0.0012468,             0.22399,             0.48855,             0.21571,            0.082292,            0.057017,           0.0084079,           0.0010549,            0.009901,            0.009901,            0.009901
                   5,            0.054236,            0.016983,           0.0010228,             0.47739,             0.46947,             0.39641,             0.14597,            0.053358,            0.007928,          0.00082945,            0.009868,            0.009868,            0.009868
                   6,            0.050565,             0.01675,            0.000859,              0.4839,             0.49386,              0.4402,             0.19401,            0.052393,           0.0075646,          0.00070937,            0.009835,            0.009835,            0.009835
                   7,            0.050327,            0.016681,          0.00087471,             0.48361,             0.49329,             0.44251,             0.19771,            0.052519,           0.0071431,          0.00071627,            0.009802,            0.009802,            0.009802
                   8,             0.04931,            0.016604,          0.00078642,             0.46477,             0.49618,             0.43903,             0.19984,            0.049696,              0.0076,          0.00063319,            0.009769,            0.009769,            0.009769
                   9,            0.046223,            0.016515,          0.00062517,             0.53076,             0.60305,             0.50259,             0.24539,            0.047033,           0.0077461,          0.00057033,            0.009736,            0.009736,            0.009736
                  10,            0.047331,             0.01616,           0.0006498,             0.61259,              0.5458,             0.51849,             0.22496,            0.050083,           0.0069726,           0.0005946,            0.009703,            0.009703,            0.009703
                  11,            0.045482,            0.016419,          0.00061659,             0.55647,             0.61775,             0.51669,             0.24964,            0.046365,           0.0071083,           0.0005102,             0.00967,             0.00967,             0.00967
                  12,            0.045056,            0.016279,          0.00054569,             0.59468,             0.49618,             0.50397,             0.24567,            0.048169,           0.0071449,          0.00046796,            0.009637,            0.009637,            0.009637
                  13,            0.044165,            0.016091,          0.00055861,             0.59379,             0.58584,             0.59066,             0.32283,            0.047008,           0.0067144,          0.00047173,            0.009604,            0.009604,            0.009604
                  14,             0.04396,            0.015952,          0.00053976,             0.61787,              0.6145,             0.62671,             0.31427,            0.047327,           0.0066115,          0.00044884,            0.009571,            0.009571,            0.009571
                  15,            0.043282,             0.01586,          0.00047853,             0.65815,             0.60256,             0.61498,             0.32783,             0.04585,           0.0064664,          0.00042958,            0.009538,            0.009538,            0.009538
                  16,            0.042299,            0.016013,          0.00045994,             0.61105,             0.54567,             0.55485,             0.28848,            0.045771,           0.0070561,          0.00039834,            0.009505,            0.009505,            0.009505
                  17,            0.042751,            0.015684,          0.00045858,             0.56292,             0.59542,             0.57641,             0.28161,            0.045455,           0.0070517,          0.00042526,            0.009472,            0.009472,            0.009472
                  18,            0.042496,            0.015965,          0.00046174,             0.66417,             0.56489,             0.60164,             0.31127,            0.045854,           0.0067401,          0.00038938,            0.009439,            0.009439,            0.009439
                  19,            0.041266,            0.015182,          0.00043477,             0.55138,             0.48473,              0.5089,             0.26699,            0.046064,           0.0071174,          0.00034905,            0.009406,            0.009406,            0.009406
                  20,            0.041156,            0.015675,            0.000436,             0.59524,              0.6374,             0.55416,             0.26795,            0.045534,           0.0069674,          0.00036742,            0.009373,            0.009373,            0.009373
                  21,            0.041361,            0.015287,          0.00040579,             0.62322,             0.64396,              0.6198,             0.32088,            0.043713,           0.0066937,          0.00032852,             0.00934,             0.00934,             0.00934
                  22,            0.040981,            0.015364,          0.00037962,             0.70787,             0.62595,             0.66699,             0.31915,            0.043816,           0.0065562,          0.00033962,            0.009307,            0.009307,            0.009307
                  23,            0.039745,            0.015338,          0.00036788,              0.6595,             0.62977,              0.6415,             0.34564,            0.044729,           0.0066443,           0.0003452,            0.009274,            0.009274,            0.009274
                  24,            0.039546,            0.015121,          0.00040036,             0.68574,             0.59542,             0.64318,             0.33736,            0.044753,           0.0065484,          0.00030075,            0.009241,            0.009241,            0.009241
                  25,            0.039872,             0.01502,          0.00035178,             0.63108,             0.56489,             0.61515,             0.30557,            0.045586,           0.0066744,           0.0002814,            0.009208,            0.009208,            0.009208
                  26,            0.038674,            0.014606,          0.00033894,              0.7211,              0.6374,             0.64287,             0.33951,            0.043991,           0.0064366,          0.00030399,            0.009175,            0.009175,            0.009175
                  27,             0.03966,            0.015215,          0.00034386,             0.69549,             0.58015,              0.6357,             0.34323,            0.043562,           0.0066649,          0.00032165,            0.009142,            0.009142,            0.009142
                  28,            0.038132,            0.015289,          0.00034578,             0.67357,             0.59924,             0.63756,              0.3254,            0.042648,           0.0063443,          0.00027313,            0.009109,            0.009109,            0.009109
                  29,            0.038774,             0.01497,          0.00028409,             0.65505,             0.62977,             0.66369,             0.33668,            0.043739,           0.0063775,           0.0002487,            0.009076,            0.009076,            0.009076
                  30,            0.039116,             0.01471,          0.00033051,             0.65117,              0.5687,             0.59266,              0.3186,            0.044443,           0.0067973,          0.00027459,            0.009043,            0.009043,            0.009043
                  31,            0.038317,            0.014151,          0.00033163,             0.65997,             0.61069,             0.65525,             0.33846,            0.042808,           0.0065977,          0.00027899,             0.00901,             0.00901,             0.00901
                  32,            0.037202,            0.014643,          0.00031079,             0.70944,             0.62214,             0.66245,             0.34984,            0.042483,             0.00655,          0.00025512,            0.008977,            0.008977,            0.008977
                  33,            0.038518,            0.014738,          0.00029866,             0.65104,             0.63359,             0.66051,             0.35591,              0.0432,           0.0064087,          0.00026268,            0.008944,            0.008944,            0.008944
                  34,            0.037786,            0.014913,          0.00029539,             0.68596,             0.64885,             0.66694,             0.36803,            0.043162,           0.0063232,          0.00024544,            0.008911,            0.008911,            0.008911
                  35,            0.037607,            0.014598,          0.00030299,             0.64897,             0.60683,             0.65699,             0.36274,            0.041801,           0.0064157,          0.00025266,            0.008878,            0.008878,            0.008878
                  36,            0.037996,            0.014511,           0.0003022,             0.67552,             0.64504,             0.65494,             0.36333,            0.042867,           0.0064442,           0.0002387,            0.008845,            0.008845,            0.008845
                  37,            0.037748,            0.014535,          0.00026422,             0.68943,              0.5687,             0.62922,             0.32569,            0.043194,           0.0065339,          0.00024164,            0.008812,            0.008812,            0.008812
                  38,            0.036613,             0.01401,          0.00030055,             0.66822,              0.6145,             0.64157,             0.35977,            0.042895,            0.006475,          0.00022942,            0.008779,            0.008779,            0.008779
                  39,            0.036741,            0.014237,          0.00025978,             0.66928,             0.69516,             0.68803,             0.34678,            0.043126,           0.0063135,          0.00021568,            0.008746,            0.008746,            0.008746
                  40,            0.037378,            0.014165,          0.00027462,             0.71729,             0.60041,             0.65805,             0.35579,             0.04392,           0.0064802,          0.00023919,            0.008713,            0.008713,            0.008713
                  41,            0.036126,            0.014117,          0.00027509,             0.68209,             0.63874,             0.63347,             0.31946,            0.044172,           0.0066814,          0.00022116,             0.00868,             0.00868,             0.00868
                  42,            0.036714,            0.014152,          0.00028474,             0.64799,             0.63937,             0.65911,             0.36094,            0.042148,           0.0065384,           0.0002386,            0.008647,            0.008647,            0.008647
                  43,            0.036091,            0.014095,          0.00025063,             0.65827,             0.60305,             0.63585,             0.32017,             0.04442,           0.0065495,          0.00021135,            0.008614,            0.008614,            0.008614
                  44,            0.036368,            0.013883,          0.00026049,             0.73392,             0.59924,             0.65285,             0.35527,            0.043963,           0.0065057,          0.00022842,            0.008581,            0.008581,            0.008581
                  45,            0.035694,            0.014435,          0.00028976,             0.67671,             0.69506,             0.69621,             0.36219,             0.04261,           0.0063651,           0.0002123,            0.008548,            0.008548,            0.008548
                  46,            0.035828,            0.013823,          0.00024188,             0.70873,             0.62223,             0.65911,             0.36485,            0.042556,           0.0064577,          0.00019109,            0.008515,            0.008515,            0.008515
                  47,            0.036329,            0.013833,          0.00025592,              0.6931,             0.62926,             0.64164,             0.35111,            0.042611,           0.0063235,          0.00020595,            0.008482,            0.008482,            0.008482
                  48,            0.035839,            0.013767,          0.00025827,               0.721,             0.62977,             0.67447,             0.35291,            0.042351,           0.0064508,          0.00023297,            0.008449,            0.008449,            0.008449
                  49,            0.034279,            0.013731,           0.0002513,             0.67942,             0.64504,             0.68273,             0.36042,            0.042106,           0.0065115,          0.00019652,            0.008416,            0.008416,            0.008416
                  50,            0.035666,            0.014115,          0.00024011,             0.73058,             0.58015,             0.66376,             0.36258,            0.042823,           0.0064383,           0.0001962,            0.008383,            0.008383,            0.008383
                  51,            0.034966,            0.013831,          0.00025022,             0.74807,             0.62214,              0.6839,              0.3687,            0.042344,           0.0065364,          0.00019231,             0.00835,             0.00835,             0.00835
                  52,            0.035321,            0.013802,          0.00023809,              0.7685,             0.62085,             0.68753,             0.38696,             0.04256,             0.00622,          0.00019714,            0.008317,            0.008317,            0.008317
                  53,            0.034152,            0.013617,          0.00022922,             0.67762,             0.71401,             0.69158,              0.3783,            0.041537,           0.0063618,           0.0001815,            0.008284,            0.008284,            0.008284
                  54,            0.034618,            0.013842,          0.00023924,             0.69759,             0.69847,             0.70871,             0.39999,            0.041192,           0.0062913,          0.00019126,            0.008251,            0.008251,            0.008251
                  55,            0.033125,            0.013654,          0.00023481,             0.72784,             0.60687,             0.66981,             0.35618,            0.042238,           0.0064491,          0.00019597,            0.008218,            0.008218,            0.008218
                  56,            0.034333,            0.013903,          0.00022754,             0.65279,             0.64885,             0.62901,             0.35011,            0.042358,           0.0064637,          0.00018902,            0.008185,            0.008185,            0.008185
                  57,             0.03401,            0.013981,          0.00022883,             0.64867,             0.63424,             0.67548,             0.38771,            0.042162,           0.0064214,          0.00018827,            0.008152,            0.008152,            0.008152
                  58,             0.03305,            0.013395,          0.00022463,             0.68785,             0.67176,              0.6787,              0.3713,            0.042163,           0.0063347,          0.00018301,            0.008119,            0.008119,            0.008119
                  59,            0.033986,            0.013492,          0.00020559,             0.70285,             0.61069,              0.6687,             0.36255,             0.04257,           0.0064791,          0.00016502,            0.008086,            0.008086,            0.008086
                  60,            0.033178,            0.013038,           0.0002212,             0.67272,             0.61979,             0.63843,             0.33691,            0.042843,           0.0065109,           0.0001924,            0.008053,            0.008053,            0.008053
                  61,            0.032887,            0.013019,          0.00021113,             0.73337,             0.57739,             0.65049,             0.35998,            0.042868,           0.0067005,          0.00016208,             0.00802,             0.00802,             0.00802
                  62,            0.033428,            0.013207,          0.00020523,             0.72544,             0.63534,             0.68349,             0.36814,            0.042504,           0.0064523,          0.00017903,            0.007987,            0.007987,            0.007987
                  63,            0.032675,            0.013312,          0.00022555,             0.75479,             0.66031,             0.70588,             0.38277,            0.042793,           0.0064154,          0.00017236,            0.007954,            0.007954,            0.007954
                  64,            0.033388,            0.013255,          0.00020749,             0.73439,             0.62262,             0.68053,             0.37851,            0.042596,           0.0064208,          0.00016369,            0.007921,            0.007921,            0.007921
                  65,            0.032219,            0.013118,          0.00020705,             0.68322,             0.65857,               0.659,             0.38063,            0.042849,           0.0064177,          0.00017525,            0.007888,            0.007888,            0.007888
                  66,            0.032327,            0.013249,          0.00020301,             0.72649,             0.64122,             0.67773,             0.38149,            0.042359,           0.0064341,          0.00016862,            0.007855,            0.007855,            0.007855
                  67,            0.032455,            0.012848,          0.00019861,             0.70141,             0.60968,              0.6668,             0.38139,            0.042343,           0.0064718,            0.000166,            0.007822,            0.007822,            0.007822
                  68,            0.032483,            0.013053,          0.00020931,              0.7319,             0.58351,             0.66511,             0.35743,            0.042354,           0.0065074,          0.00017063,            0.007789,            0.007789,            0.007789
                  69,            0.032079,            0.013075,           0.0002015,             0.71496,             0.65102,             0.67705,             0.38037,            0.042264,            0.006429,          0.00015576,            0.007756,            0.007756,            0.007756
                  70,            0.032469,            0.013598,          0.00018514,             0.69775,             0.65267,             0.66766,             0.36956,            0.044194,           0.0062983,          0.00015414,            0.007723,            0.007723,            0.007723
                  71,            0.032143,            0.013042,          0.00018929,             0.71876,              0.6438,              0.6723,             0.37732,            0.042882,           0.0064415,          0.00015137,             0.00769,             0.00769,             0.00769
                  72,            0.032279,            0.013296,           0.0001875,             0.73267,             0.60672,             0.68158,             0.37903,            0.041678,           0.0063501,          0.00015923,            0.007657,            0.007657,            0.007657
                  73,            0.032585,            0.012975,          0.00017966,              0.7464,             0.57252,             0.66229,             0.37105,            0.042591,           0.0063047,          0.00015543,            0.007624,            0.007624,            0.007624
                  74,             0.03193,            0.013102,           0.0001832,             0.75322,             0.62595,             0.67815,             0.38096,            0.042966,           0.0063252,          0.00014381,            0.007591,            0.007591,            0.007591
                  75,             0.03162,            0.012654,          0.00017411,             0.73114,             0.66412,             0.67044,             0.36684,            0.042576,            0.006403,          0.00014361,            0.007558,            0.007558,            0.007558
                  76,            0.031852,             0.01253,          0.00017714,             0.70481,             0.67557,             0.67367,             0.38813,            0.041522,           0.0062248,          0.00014686,            0.007525,            0.007525,            0.007525
                  77,            0.031711,            0.012799,          0.00018698,             0.73488,              0.6242,             0.67731,             0.38912,            0.041553,           0.0062516,          0.00014467,            0.007492,            0.007492,            0.007492
                  78,            0.031141,            0.012865,          0.00017563,             0.69808,              0.6707,             0.68282,             0.37834,            0.040866,           0.0063289,          0.00014179,            0.007459,            0.007459,            0.007459
                  79,            0.031534,            0.012866,          0.00019366,             0.66618,             0.68702,             0.68128,             0.37047,            0.041932,            0.006298,          0.00015804,            0.007426,            0.007426,            0.007426
                  80,            0.030892,            0.012908,          0.00019808,             0.68741,             0.61069,             0.65229,             0.36895,             0.04317,           0.0065403,           0.0001474,            0.007393,            0.007393,            0.007393
                  81,              0.0315,            0.012956,          0.00018472,             0.77821,             0.65621,             0.69073,             0.37603,            0.042408,           0.0063389,          0.00014978,             0.00736,             0.00736,             0.00736
                  82,            0.030492,            0.012324,          0.00019342,             0.71452,             0.64961,             0.68508,              0.3645,            0.042095,           0.0063995,          0.00014627,            0.007327,            0.007327,            0.007327
                  83,            0.030814,            0.012463,          0.00018472,              0.7009,             0.70229,             0.70123,             0.38942,            0.042297,           0.0064599,          0.00014607,            0.007294,            0.007294,            0.007294
                  84,            0.030681,            0.012749,          0.00018129,             0.62205,             0.60687,             0.61883,             0.33591,            0.043378,           0.0068377,          0.00013578,            0.007261,            0.007261,            0.007261
                  85,            0.030699,            0.012696,          0.00017434,             0.69699,             0.64122,             0.66143,             0.37128,            0.043241,           0.0066814,          0.00014624,            0.007228,            0.007228,            0.007228
                  86,            0.030299,            0.012646,          0.00019243,             0.73605,             0.62214,             0.68109,             0.36881,            0.041891,            0.006337,           0.0001434,            0.007195,            0.007195,            0.007195
                  87,            0.030206,            0.012821,          0.00015945,             0.70018,             0.61832,             0.67297,             0.36959,            0.041975,           0.0063902,          0.00013092,            0.007162,            0.007162,            0.007162
                  88,            0.029722,            0.012963,          0.00015952,             0.66508,             0.70992,             0.70138,              0.3892,            0.042431,           0.0062004,          0.00012815,            0.007129,            0.007129,            0.007129
                  89,            0.029664,            0.012538,          0.00016629,             0.71953,             0.66031,             0.70272,             0.38347,             0.04265,           0.0063076,          0.00012591,            0.007096,            0.007096,            0.007096
                  90,            0.030091,            0.012396,          0.00017783,             0.67227,             0.66412,              0.6776,             0.36623,             0.04304,           0.0065025,          0.00013716,            0.007063,            0.007063,            0.007063
                  91,              0.0297,            0.012275,          0.00016834,             0.70113,             0.69084,             0.70282,             0.38643,            0.041739,           0.0063261,           0.0001226,             0.00703,             0.00703,             0.00703
                  92,            0.030806,            0.012283,          0.00017141,             0.69542,             0.65649,             0.67641,             0.37553,            0.041674,           0.0064216,          0.00013031,            0.006997,            0.006997,            0.006997
                  93,            0.029957,            0.012257,          0.00017317,             0.66743,             0.68702,             0.66573,             0.38168,            0.041946,            0.006589,          0.00012944,            0.006964,            0.006964,            0.006964
                  94,            0.030435,            0.012459,          0.00018187,             0.74406,             0.62214,             0.66616,             0.38102,            0.041582,           0.0064056,          0.00014648,            0.006931,            0.006931,            0.006931
                  95,            0.028582,            0.012298,          0.00016709,             0.73222,             0.63666,             0.67366,             0.38388,            0.043027,            0.006661,          0.00012448,            0.006898,            0.006898,            0.006898
                  96,            0.029704,              0.0124,          0.00016013,             0.68334,             0.65267,             0.65942,             0.37754,            0.042293,           0.0063955,          0.00012196,            0.006865,            0.006865,            0.006865
                  97,            0.028856,            0.012443,          0.00016057,             0.70591,             0.66031,             0.68727,             0.38416,             0.04185,           0.0066641,          0.00011845,            0.006832,            0.006832,            0.006832
                  98,             0.02911,            0.012698,          0.00016071,             0.71798,             0.64504,             0.68831,             0.38249,             0.04157,           0.0064216,          0.00011991,            0.006799,            0.006799,            0.006799
                  99,            0.028839,             0.01192,           0.0001525,             0.70149,             0.66794,             0.67895,              0.3881,               0.042,           0.0063748,          0.00011302,            0.006766,            0.006766,            0.006766
                 100,             0.02945,            0.012212,          0.00015524,             0.75124,             0.60687,             0.66949,             0.37255,             0.04279,           0.0065848,          0.00012383,            0.006733,            0.006733,            0.006733
                 101,            0.029411,            0.011868,          0.00016891,             0.72737,             0.66794,             0.69373,             0.38877,            0.042203,           0.0065066,          0.00013169,              0.0067,              0.0067,              0.0067
                 102,            0.029269,            0.012381,          0.00015175,             0.74951,             0.64885,             0.67799,             0.37275,            0.043081,            0.006703,          0.00012484,            0.006667,            0.006667,            0.006667
                 103,            0.029425,            0.012061,            0.000151,             0.74775,             0.66753,              0.6961,             0.37599,            0.043482,           0.0066893,          0.00012476,            0.006634,            0.006634,            0.006634
                 104,            0.028968,            0.012453,          0.00016073,             0.72821,             0.65649,             0.64615,              0.3622,            0.043051,           0.0066195,          0.00012035,            0.006601,            0.006601,            0.006601
                 105,            0.028255,            0.012048,          0.00016504,             0.69592,             0.60687,             0.63991,             0.35893,            0.042895,           0.0066753,          0.00012421,            0.006568,            0.006568,            0.006568
                 106,            0.028576,             0.01222,          0.00015679,             0.76086,             0.64122,             0.67459,             0.38253,            0.043085,            0.006623,          0.00011522,            0.006535,            0.006535,            0.006535
                 107,            0.028742,            0.012331,          0.00015528,             0.69915,             0.66794,             0.68268,             0.38344,            0.041589,           0.0065324,          0.00011433,            0.006502,            0.006502,            0.006502
                 108,            0.028848,            0.011963,          0.00014992,             0.73681,             0.61069,             0.67551,             0.37442,            0.042522,           0.0065978,          0.00010943,            0.006469,            0.006469,            0.006469
                 109,            0.028267,            0.011827,            0.000145,             0.69009,             0.68844,             0.69297,             0.39821,            0.041334,           0.0064288,          0.00011693,            0.006436,            0.006436,            0.006436
                 110,            0.028509,             0.01176,          0.00015504,             0.73963,              0.6374,             0.69129,             0.39498,            0.041444,           0.0063489,           0.0001197,            0.006403,            0.006403,            0.006403
                 111,            0.028657,            0.011793,          0.00014921,             0.71017,             0.66794,             0.67523,             0.37634,            0.041832,           0.0062981,           0.0001195,             0.00637,             0.00637,             0.00637
                 112,            0.028052,            0.011868,          0.00014016,             0.75428,             0.64122,             0.68093,              0.3832,            0.041985,           0.0064515,          0.00010798,            0.006337,            0.006337,            0.006337
                 113,            0.027899,            0.011809,          0.00014318,             0.72826,             0.68536,             0.71005,             0.40197,            0.041506,           0.0063426,          0.00011168,            0.006304,            0.006304,            0.006304
                 114,            0.027456,            0.011795,          0.00013512,             0.72163,             0.67176,             0.70222,             0.40102,            0.042064,           0.0064503,          0.00010988,            0.006271,            0.006271,            0.006271
                 115,            0.027413,            0.011519,          0.00014505,             0.78798,             0.62977,             0.69089,             0.40958,             0.04276,           0.0063214,          0.00010912,            0.006238,            0.006238,            0.006238
                 116,            0.027744,            0.011392,          0.00014756,             0.67609,             0.68515,             0.66611,             0.38051,            0.043174,           0.0065433,          0.00011063,            0.006205,            0.006205,            0.006205
                 117,            0.028486,            0.011575,           0.0001431,             0.74666,             0.66031,             0.67825,              0.3621,            0.043065,           0.0067104,          0.00011473,            0.006172,            0.006172,            0.006172
                 118,            0.027744,             0.01177,          0.00013554,             0.72566,             0.64885,             0.66854,             0.38255,            0.042626,           0.0066631,          0.00011407,            0.006139,            0.006139,            0.006139
                 119,            0.027892,            0.011602,          0.00014614,             0.72225,             0.62977,             0.67622,             0.38425,            0.042044,           0.0064507,          0.00011674,            0.006106,            0.006106,            0.006106
                 120,            0.027349,            0.011713,          0.00013946,             0.70468,             0.66031,             0.65817,             0.37909,             0.04144,           0.0067161,          0.00010475,            0.006073,            0.006073,            0.006073
                 121,            0.027511,            0.011685,          0.00013157,             0.69404,             0.67939,             0.69519,             0.40796,            0.042166,            0.006354,          0.00010904,             0.00604,             0.00604,             0.00604
                 122,            0.026967,            0.011477,          0.00012917,             0.72108,             0.65267,             0.69119,             0.39477,            0.042282,            0.006459,          0.00010514,            0.006007,            0.006007,            0.006007
                 123,            0.026983,            0.011402,          0.00013125,             0.72574,             0.64885,             0.66618,             0.37129,            0.043196,           0.0063886,          0.00011026,            0.005974,            0.005974,            0.005974
                 124,            0.027577,            0.011321,           0.0001403,             0.66763,             0.62101,             0.66519,             0.37138,            0.043574,           0.0065847,          0.00010833,            0.005941,            0.005941,            0.005941
                 125,            0.027774,             0.01143,          0.00013429,             0.68801,             0.68702,             0.69646,             0.38892,            0.043455,           0.0064376,          0.00011106,            0.005908,            0.005908,            0.005908
                 126,            0.027212,            0.011462,           0.0001307,             0.78438,             0.63869,             0.69383,             0.37998,            0.042353,           0.0066459,          0.00010303,            0.005875,            0.005875,            0.005875
                 127,            0.027583,            0.011611,          0.00012697,             0.74675,              0.6145,             0.68101,             0.38255,            0.042718,           0.0068479,           0.0001001,            0.005842,            0.005842,            0.005842
                 128,            0.027385,            0.011575,          0.00013185,             0.75394,             0.61832,             0.68118,             0.37617,            0.042425,           0.0065514,          0.00011029,            0.005809,            0.005809,            0.005809
                 129,            0.027443,            0.011621,          0.00012861,             0.71201,             0.65113,             0.69614,             0.37859,            0.042903,           0.0064856,          9.9313e-05,            0.005776,            0.005776,            0.005776
                 130,            0.026555,            0.011487,          0.00012145,             0.69329,             0.68321,             0.69799,             0.39006,            0.041715,           0.0064407,          9.7589e-05,            0.005743,            0.005743,            0.005743
                 131,             0.02647,            0.011456,           0.0001288,             0.70884,             0.68702,             0.69222,             0.39024,            0.042297,           0.0064722,          0.00010088,             0.00571,             0.00571,             0.00571
                 132,            0.026065,            0.011253,          0.00012422,             0.73474,             0.65649,              0.7088,              0.3985,            0.042436,           0.0064018,          9.4078e-05,            0.005677,            0.005677,            0.005677
                 133,            0.026627,            0.010711,          0.00012837,             0.73948,             0.69337,             0.71488,             0.40243,            0.042199,           0.0064349,          0.00010484,            0.005644,            0.005644,            0.005644
                 134,            0.026482,            0.010844,           0.0001239,             0.72192,             0.67176,             0.69349,             0.38906,            0.042758,           0.0063973,          0.00010174,            0.005611,            0.005611,            0.005611
                 135,            0.026655,            0.011403,          0.00012747,             0.69837,             0.64885,             0.67599,              0.3758,             0.04283,           0.0064915,          9.8783e-05,            0.005578,            0.005578,            0.005578
                 136,            0.025828,            0.010843,          0.00013191,             0.75787,             0.68321,             0.70224,             0.39291,            0.042035,            0.006389,          0.00010467,            0.005545,            0.005545,            0.005545
                 137,            0.026586,            0.010959,          0.00013156,              0.6774,             0.68927,             0.68765,             0.37979,            0.043294,           0.0067339,          9.8259e-05,            0.005512,            0.005512,            0.005512
                 138,            0.026158,            0.010966,          0.00012121,              0.6767,             0.68321,             0.67662,             0.39919,            0.042043,           0.0066832,           9.678e-05,            0.005479,            0.005479,            0.005479
                 139,            0.026134,            0.011276,          0.00012242,             0.69591,              0.6145,             0.65634,             0.39118,            0.042834,           0.0067565,          9.6057e-05,            0.005446,            0.005446,            0.005446
                 140,            0.025922,            0.010754,          0.00011807,             0.69182,             0.67939,             0.68631,             0.39763,            0.042783,           0.0065308,          9.7584e-05,            0.005413,            0.005413,            0.005413
                 141,            0.025595,            0.011233,          0.00011501,             0.73945,             0.66412,             0.69569,             0.40087,             0.04268,           0.0065081,          9.0654e-05,             0.00538,             0.00538,             0.00538
                 142,            0.026472,            0.011131,          0.00012399,             0.69756,             0.64504,              0.6824,             0.38505,            0.043086,           0.0065131,          9.8811e-05,            0.005347,            0.005347,            0.005347
                 143,            0.025788,            0.010389,          0.00011469,             0.67164,              0.6714,              0.6729,             0.39128,            0.043189,           0.0065881,          9.0307e-05,            0.005314,            0.005314,            0.005314
                 144,            0.026027,            0.010964,          0.00010942,             0.70319,             0.68321,             0.69647,             0.39245,             0.04243,           0.0067114,          8.6132e-05,            0.005281,            0.005281,            0.005281
                 145,            0.026153,            0.011087,          0.00011095,             0.72391,             0.65051,              0.6703,             0.37665,            0.043051,           0.0067663,          8.8184e-05,            0.005248,            0.005248,            0.005248
                 146,            0.025969,            0.010989,          0.00011442,             0.70133,             0.67557,             0.69372,             0.38652,            0.043029,           0.0064921,          9.0919e-05,            0.005215,            0.005215,            0.005215
                 147,            0.025287,            0.010851,          0.00011134,             0.70819,             0.63913,             0.67551,             0.37661,            0.044061,           0.0067575,          8.8799e-05,            0.005182,            0.005182,            0.005182
                 148,            0.026068,            0.010771,          0.00010548,             0.75329,             0.61767,              0.6889,             0.38963,            0.043481,           0.0066991,           8.745e-05,            0.005149,            0.005149,            0.005149
                 149,            0.025667,            0.011066,          0.00011121,             0.67887,             0.67176,             0.67817,             0.37704,            0.043263,           0.0066378,          9.4745e-05,            0.005116,            0.005116,            0.005116
                 150,            0.025582,            0.010862,          0.00011396,             0.68416,             0.66031,             0.66962,             0.39628,            0.043154,           0.0068934,          8.9645e-05,            0.005083,            0.005083,            0.005083
                 151,            0.025399,            0.010694,          0.00010923,             0.72931,             0.62214,             0.67637,             0.39124,            0.042338,           0.0066752,          8.6326e-05,             0.00505,             0.00505,             0.00505
                 152,            0.025004,            0.010974,          0.00010355,             0.73628,             0.64122,             0.68152,             0.39928,            0.042578,           0.0066235,           8.527e-05,            0.005017,            0.005017,            0.005017
                 153,            0.025146,            0.010709,          9.9047e-05,             0.69432,             0.65649,             0.68835,             0.39957,            0.042888,           0.0066676,          8.1467e-05,            0.004984,            0.004984,            0.004984
                 154,            0.025238,            0.010836,          9.9094e-05,             0.75348,             0.62997,             0.70933,             0.41495,            0.042129,           0.0067079,          8.2251e-05,            0.004951,            0.004951,            0.004951
                 155,            0.025056,            0.010499,          0.00010144,             0.75037,              0.6374,             0.68673,             0.40346,             0.04281,           0.0066673,          8.4061e-05,            0.004918,            0.004918,            0.004918
                 156,            0.024975,            0.010697,          0.00011185,             0.75423,             0.62214,             0.68211,              0.3946,            0.042947,           0.0066697,          8.6871e-05,            0.004885,            0.004885,            0.004885
                 157,            0.024253,            0.010695,          0.00010488,             0.76499,              0.6374,             0.69147,             0.39162,            0.042562,           0.0069436,          8.3357e-05,            0.004852,            0.004852,            0.004852
                 158,            0.024577,            0.010557,          0.00010136,             0.76988,             0.61295,             0.67711,             0.39454,            0.042927,           0.0068627,          8.3568e-05,            0.004819,            0.004819,            0.004819
                 159,            0.024822,            0.010517,          9.7335e-05,             0.69643,             0.62595,             0.64691,             0.36558,            0.043251,           0.0069017,          8.2432e-05,            0.004786,            0.004786,            0.004786
                 160,            0.024731,            0.010547,          9.8675e-05,             0.70531,             0.63947,             0.67358,             0.38725,            0.043131,           0.0068587,          7.7471e-05,            0.004753,            0.004753,            0.004753
                 161,            0.025027,             0.01088,          0.00010195,              0.7117,             0.63128,             0.68612,             0.38637,            0.042838,           0.0067954,          7.9413e-05,             0.00472,             0.00472,             0.00472
                 162,            0.024252,            0.010758,          9.9904e-05,             0.74407,             0.64504,             0.68403,             0.38501,            0.042295,           0.0066412,          7.8844e-05,            0.004687,            0.004687,            0.004687
                 163,            0.024227,            0.010228,          9.8273e-05,             0.67682,             0.68321,             0.67169,             0.38466,            0.042345,           0.0067518,          7.6757e-05,            0.004654,            0.004654,            0.004654
                 164,            0.024523,            0.010613,          9.7259e-05,             0.69212,             0.66031,             0.66532,              0.3881,            0.042968,            0.006909,          7.5337e-05,            0.004621,            0.004621,            0.004621
                 165,            0.024436,            0.010562,          9.5162e-05,             0.71233,             0.64122,             0.68254,             0.39447,            0.043138,           0.0066126,           7.509e-05,            0.004588,            0.004588,            0.004588
                 166,            0.024609,            0.010523,          0.00010557,             0.70863,             0.66794,             0.67288,             0.37085,            0.043646,           0.0067966,          8.3557e-05,            0.004555,            0.004555,            0.004555
                 167,            0.023683,             0.01033,          0.00010658,             0.70921,             0.59576,              0.6541,             0.36528,            0.043479,            0.006711,          8.2629e-05,            0.004522,            0.004522,            0.004522
                 168,            0.024302,            0.010595,          0.00010069,             0.74371,             0.65346,              0.7025,             0.39657,            0.042634,           0.0067693,          8.0177e-05,            0.004489,            0.004489,            0.004489
                 169,            0.023993,            0.010238,          0.00010192,             0.75447,             0.66794,             0.70709,             0.40566,             0.04323,           0.0066582,          7.7623e-05,            0.004456,            0.004456,            0.004456
                 170,            0.023992,            0.010128,          0.00010214,             0.73739,             0.67519,             0.71473,             0.41466,            0.041911,           0.0064371,           8.294e-05,            0.004423,            0.004423,            0.004423
                 171,            0.023891,            0.010212,          9.6619e-05,             0.68623,             0.69284,             0.68464,             0.38735,            0.043572,            0.006711,          7.9683e-05,             0.00439,             0.00439,             0.00439
                 172,            0.023713,            0.010082,          0.00010121,             0.70759,             0.69847,             0.70897,             0.40342,            0.042886,           0.0066679,          7.5963e-05,            0.004357,            0.004357,            0.004357
                 173,            0.024241,            0.010503,           9.469e-05,             0.78121,              0.6374,              0.7051,              0.4038,            0.043065,             0.00665,          7.8654e-05,            0.004324,            0.004324,            0.004324
                 174,            0.023701,            0.010471,          9.9785e-05,             0.78592,             0.60252,             0.67533,             0.38144,            0.043576,            0.006836,          7.9991e-05,            0.004291,            0.004291,            0.004291
                 175,            0.023443,            0.010046,          9.5134e-05,             0.70975,             0.66031,             0.68098,             0.39122,            0.042394,            0.006865,          7.5563e-05,            0.004258,            0.004258,            0.004258
                 176,            0.023197,            0.010464,          8.7217e-05,             0.72459,             0.62977,             0.68394,             0.40839,            0.043203,           0.0068357,          7.2535e-05,            0.004225,            0.004225,            0.004225
                 177,            0.023617,            0.010383,          9.3945e-05,             0.75193,             0.63631,             0.68596,             0.40387,            0.043014,           0.0067621,          7.5988e-05,            0.004192,            0.004192,            0.004192
                 178,            0.023554,            0.010109,          9.3296e-05,             0.75652,             0.62854,             0.67532,             0.40725,            0.043448,           0.0067848,          7.5316e-05,            0.004159,            0.004159,            0.004159
                 179,            0.023202,            0.010065,           8.506e-05,             0.67269,             0.68702,             0.67674,              0.3935,            0.043642,           0.0068295,          7.2582e-05,            0.004126,            0.004126,            0.004126
                 180,            0.023315,            0.010167,          9.2418e-05,             0.73143,             0.65486,               0.675,              0.3785,            0.043578,           0.0069965,          7.5874e-05,            0.004093,            0.004093,            0.004093
                 181,            0.023327,            0.010569,          9.2768e-05,             0.77335,             0.64885,             0.69292,             0.40352,            0.042859,           0.0068775,          7.3408e-05,             0.00406,             0.00406,             0.00406
                 182,            0.023381,            0.010299,          8.8521e-05,             0.74725,             0.61832,             0.68009,             0.40457,            0.042568,             0.00688,          7.3279e-05,            0.004027,            0.004027,            0.004027
                 183,            0.023274,           0.0099631,          8.6865e-05,             0.71902,             0.62977,             0.66069,              0.3822,            0.043242,           0.0070271,           7.145e-05,            0.003994,            0.003994,            0.003994
                 184,            0.022709,           0.0099589,           9.304e-05,             0.75183,             0.64504,             0.67606,             0.39141,            0.043552,           0.0070241,           7.116e-05,            0.003961,            0.003961,            0.003961
                 185,            0.022992,              0.0102,          8.4881e-05,             0.78035,             0.60305,              0.6874,             0.40187,            0.042647,           0.0068683,          7.2979e-05,            0.003928,            0.003928,            0.003928
                 186,            0.022772,             0.01013,            8.77e-05,             0.74708,             0.62977,             0.68818,             0.39767,            0.042629,           0.0068808,          7.0997e-05,            0.003895,            0.003895,            0.003895
                 187,            0.022498,           0.0096593,          8.6489e-05,             0.71908,             0.66412,             0.68193,             0.39454,            0.043378,           0.0069478,          7.0467e-05,            0.003862,            0.003862,            0.003862
                 188,            0.022807,            0.010187,          8.6843e-05,             0.73723,             0.64885,             0.67097,             0.38845,            0.042959,           0.0071168,          7.1359e-05,            0.003829,            0.003829,            0.003829
                 189,            0.022145,           0.0099358,          8.4097e-05,             0.72899,             0.64682,             0.68167,             0.38901,             0.04277,           0.0070422,           6.961e-05,            0.003796,            0.003796,            0.003796
                 190,            0.023217,            0.010109,          8.4683e-05,             0.67201,             0.68702,             0.67377,              0.3883,            0.042563,           0.0069431,          7.0028e-05,            0.003763,            0.003763,            0.003763
                 191,            0.022817,           0.0098935,          8.1004e-05,             0.73444,             0.69084,             0.69936,             0.41759,            0.041534,           0.0066896,          6.9821e-05,             0.00373,             0.00373,             0.00373
                 192,            0.022326,            0.010036,          8.3915e-05,             0.73976,             0.68354,             0.70343,             0.40882,            0.042035,           0.0066934,          7.2011e-05,            0.003697,            0.003697,            0.003697
                 193,            0.022521,           0.0097892,          8.1518e-05,             0.76701,             0.61571,             0.68177,              0.3907,            0.043069,           0.0068749,          6.9844e-05,            0.003664,            0.003664,            0.003664
                 194,             0.02236,           0.0096461,          8.1904e-05,              0.7435,             0.61832,             0.66026,             0.38262,            0.042757,           0.0072708,          6.8492e-05,            0.003631,            0.003631,            0.003631
                 195,            0.021938,           0.0097809,          7.7323e-05,             0.73623,              0.6605,             0.69615,             0.39762,            0.042351,            0.007194,          6.6563e-05,            0.003598,            0.003598,            0.003598
                 196,            0.022412,           0.0097544,          8.1276e-05,             0.74944,             0.66794,             0.67465,             0.39086,            0.042661,            0.007149,          6.9214e-05,            0.003565,            0.003565,            0.003565
                 197,            0.022415,           0.0098335,          7.7422e-05,             0.74233,             0.67075,             0.68513,             0.40008,            0.042081,           0.0070506,          6.6142e-05,            0.003532,            0.003532,            0.003532
                 198,            0.022153,           0.0099608,          7.4594e-05,             0.76203,             0.69084,             0.70649,             0.40551,            0.041671,           0.0069978,          6.3734e-05,            0.003499,            0.003499,            0.003499
                 199,            0.021982,            0.009936,          7.4215e-05,             0.69459,             0.69847,             0.68564,             0.41138,            0.041307,           0.0069795,          6.3056e-05,            0.003466,            0.003466,            0.003466
                 200,            0.021473,           0.0095359,          7.4143e-05,             0.77339,             0.64885,             0.69645,             0.40105,            0.041877,           0.0069324,          6.3518e-05,            0.003433,            0.003433,            0.003433
                 201,            0.021997,           0.0097128,          7.3899e-05,             0.73877,             0.69084,             0.70504,             0.41453,            0.041528,           0.0068093,           6.161e-05,              0.0034,              0.0034,              0.0034
                 202,            0.022108,           0.0095645,          6.7122e-05,             0.76961,             0.65267,             0.69908,             0.41032,            0.041961,           0.0070349,          5.9708e-05,            0.003367,            0.003367,            0.003367
                 203,            0.021271,            0.009326,          6.9226e-05,             0.71763,             0.67901,             0.69987,             0.40471,            0.041916,           0.0069653,          6.0213e-05,            0.003334,            0.003334,            0.003334
                 204,            0.021834,           0.0096479,          6.7868e-05,             0.77002,             0.65267,             0.69761,             0.41083,            0.042449,           0.0067428,          5.9825e-05,            0.003301,            0.003301,            0.003301
                 205,            0.022044,           0.0095515,          6.8408e-05,             0.73635,             0.65649,             0.68846,             0.40653,            0.042728,           0.0069604,           5.919e-05,            0.003268,            0.003268,            0.003268
                 206,            0.021976,            0.009614,          7.0438e-05,             0.67046,             0.68321,              0.6812,             0.39095,            0.042662,           0.0071583,          5.8904e-05,            0.003235,            0.003235,            0.003235
                 207,            0.022237,           0.0092566,          7.0366e-05,             0.75305,             0.66031,             0.68331,             0.38794,            0.043037,            0.007253,           5.902e-05,            0.003202,            0.003202,            0.003202
                 208,            0.021952,           0.0095861,           6.936e-05,              0.7401,             0.66299,             0.67853,             0.39742,            0.042731,           0.0071641,          5.8755e-05,            0.003169,            0.003169,            0.003169
                 209,            0.021885,           0.0095082,          6.7216e-05,             0.75953,             0.65649,              0.6996,             0.40508,            0.042433,           0.0070633,          5.6336e-05,            0.003136,            0.003136,            0.003136
                 210,            0.021094,           0.0094539,          6.8799e-05,             0.75431,             0.64885,             0.69603,             0.40437,            0.042465,           0.0070884,          5.7126e-05,            0.003103,            0.003103,            0.003103
                 211,            0.021083,           0.0096472,          6.7197e-05,             0.70495,             0.67176,             0.69065,             0.41389,            0.042097,           0.0070479,          5.6262e-05,             0.00307,             0.00307,             0.00307
                 212,            0.021335,           0.0093878,          6.8459e-05,             0.72236,             0.65541,             0.69321,             0.40578,            0.042286,           0.0070281,          5.7993e-05,            0.003037,            0.003037,            0.003037
                 213,            0.021396,           0.0099204,          6.6372e-05,             0.74868,              0.6481,             0.69052,             0.40037,              0.0423,           0.0070835,          5.7047e-05,            0.003004,            0.003004,            0.003004
                 214,            0.021123,           0.0093564,          6.4865e-05,             0.71069,             0.65632,              0.6689,             0.39822,            0.042379,           0.0072354,          5.6377e-05,            0.002971,            0.002971,            0.002971
                 215,            0.021069,           0.0095673,          6.3459e-05,              0.7462,              0.6172,             0.68096,             0.40276,            0.042653,           0.0071011,          5.5167e-05,            0.002938,            0.002938,            0.002938
                 216,            0.021214,           0.0092208,          6.4197e-05,             0.75127,             0.66031,             0.69268,             0.40344,            0.042858,            0.006895,          5.4853e-05,            0.002905,            0.002905,            0.002905
                 217,            0.020705,            0.009127,          6.1657e-05,             0.79706,              0.6145,             0.68627,             0.40672,            0.042615,           0.0069448,          5.4048e-05,            0.002872,            0.002872,            0.002872
                 218,            0.021322,           0.0093763,          6.1143e-05,             0.73754,             0.65267,             0.70592,             0.40995,            0.042302,           0.0070856,          5.2918e-05,            0.002839,            0.002839,            0.002839
                 219,            0.020674,           0.0091575,          6.1545e-05,             0.69063,             0.68165,             0.68822,             0.40699,            0.042183,           0.0071385,           5.415e-05,            0.002806,            0.002806,            0.002806
                 220,            0.020912,           0.0091626,           5.934e-05,             0.76644,             0.64504,             0.69394,             0.41527,            0.042434,           0.0071582,          5.2457e-05,            0.002773,            0.002773,            0.002773
                 221,            0.020611,           0.0090844,          6.1198e-05,             0.76705,             0.62977,             0.69662,              0.4289,            0.042115,           0.0070289,          5.3164e-05,             0.00274,             0.00274,             0.00274
                 222,            0.020479,           0.0090869,          6.0751e-05,              0.7783,             0.61832,             0.69683,             0.42002,            0.042233,           0.0070255,          5.3347e-05,            0.002707,            0.002707,            0.002707
                 223,            0.021544,           0.0092932,          5.8382e-05,              0.6799,             0.69084,             0.68433,             0.40804,            0.042383,           0.0072892,          5.3089e-05,            0.002674,            0.002674,            0.002674
                 224,            0.020889,            0.009162,          5.7202e-05,             0.69459,             0.68702,             0.69086,             0.40501,            0.042818,           0.0073397,          5.2693e-05,            0.002641,            0.002641,            0.002641
                 225,            0.020537,           0.0088531,          5.6209e-05,             0.77085,             0.65649,             0.68858,             0.40579,            0.042631,           0.0072413,          5.2724e-05,            0.002608,            0.002608,            0.002608
                 226,            0.020856,           0.0088628,          5.7435e-05,             0.72827,             0.67939,             0.69575,             0.41563,            0.042414,           0.0072431,          5.2529e-05,            0.002575,            0.002575,            0.002575
                 227,            0.020616,           0.0093902,          5.6899e-05,              0.7081,             0.66664,             0.69308,             0.41597,            0.042016,           0.0071469,          5.0994e-05,            0.002542,            0.002542,            0.002542
                 228,            0.020575,           0.0091026,          5.9331e-05,             0.72141,             0.64122,             0.68163,             0.40246,            0.042462,            0.007321,          5.2129e-05,            0.002509,            0.002509,            0.002509
                 229,            0.020227,           0.0090094,          5.7329e-05,             0.72672,             0.67176,             0.67894,              0.4058,            0.043011,           0.0072981,          5.1331e-05,            0.002476,            0.002476,            0.002476
                 230,            0.020594,           0.0090173,          5.5303e-05,              0.7357,             0.65267,             0.69488,             0.40762,            0.043206,           0.0072967,          4.8876e-05,            0.002443,            0.002443,            0.002443
                 231,            0.020031,           0.0088044,          5.4471e-05,             0.77217,             0.64885,             0.69976,             0.41131,            0.042364,           0.0072845,          4.9402e-05,             0.00241,             0.00241,             0.00241
                 232,             0.02038,           0.0090134,          5.4181e-05,             0.77539,             0.67557,             0.70804,             0.40938,            0.042338,           0.0072764,          4.9253e-05,            0.002377,            0.002377,            0.002377
                 233,            0.020116,            0.008884,          5.2194e-05,             0.75713,             0.64504,             0.69095,             0.40616,            0.042493,           0.0075219,          4.9048e-05,            0.002344,            0.002344,            0.002344
                 234,            0.020139,           0.0088083,          5.1159e-05,             0.73962,             0.65267,             0.67561,             0.39934,            0.042687,           0.0074642,          4.7663e-05,            0.002311,            0.002311,            0.002311
                 235,            0.019699,           0.0090055,          4.9541e-05,             0.70454,             0.69172,             0.68196,             0.40648,            0.042517,           0.0072849,          4.6189e-05,            0.002278,            0.002278,            0.002278
                 236,            0.019246,           0.0088839,          5.0948e-05,             0.68795,             0.70611,             0.68193,             0.40246,            0.042661,           0.0072953,          4.6569e-05,            0.002245,            0.002245,            0.002245
                 237,            0.019959,           0.0088658,          5.1595e-05,             0.70212,             0.66794,             0.67888,             0.39696,            0.042778,           0.0072662,          4.6674e-05,            0.002212,            0.002212,            0.002212
                 238,            0.019676,           0.0086023,          5.2173e-05,             0.71591,             0.65404,             0.67404,             0.39621,            0.042868,           0.0072101,          4.6363e-05,            0.002179,            0.002179,            0.002179
                 239,            0.019359,           0.0085453,          4.8307e-05,             0.69343,             0.69067,             0.67371,             0.39566,            0.043258,           0.0073178,          4.4259e-05,            0.002146,            0.002146,            0.002146
                 240,            0.019774,           0.0086804,          4.8047e-05,             0.72734,             0.65649,             0.67648,             0.40087,            0.042854,           0.0073532,          4.4583e-05,            0.002113,            0.002113,            0.002113
                 241,            0.019547,            0.008776,          4.7282e-05,             0.74106,             0.63359,             0.68425,             0.40525,            0.042637,           0.0072811,          4.5047e-05,             0.00208,             0.00208,             0.00208
                 242,            0.019721,           0.0087386,          4.8682e-05,             0.76125,              0.6374,             0.68932,             0.41117,            0.042428,           0.0073394,          4.5562e-05,            0.002047,            0.002047,            0.002047
                 243,            0.019652,           0.0085554,          4.7357e-05,             0.77122,             0.62977,             0.68683,              0.3953,             0.04301,           0.0073197,          4.4983e-05,            0.002014,            0.002014,            0.002014
                 244,             0.01955,           0.0087547,          4.6689e-05,             0.69662,             0.67176,             0.67513,             0.40023,            0.043175,           0.0072636,          4.4477e-05,            0.001981,            0.001981,            0.001981
                 245,            0.019486,           0.0088507,          4.6596e-05,             0.69586,             0.66794,             0.67539,             0.40617,            0.042724,           0.0073098,          4.4422e-05,            0.001948,            0.001948,            0.001948
                 246,            0.019688,           0.0085504,          4.7213e-05,             0.70546,             0.69466,             0.69352,             0.40601,            0.042934,           0.0072925,          4.5182e-05,            0.001915,            0.001915,            0.001915
                 247,            0.019516,           0.0088491,          4.4344e-05,               0.783,             0.63359,             0.68836,             0.40384,            0.043228,           0.0071862,          4.3241e-05,            0.001882,            0.001882,            0.001882
                 248,            0.019731,           0.0090008,          4.3926e-05,             0.74382,             0.64122,             0.67843,             0.40088,            0.043183,           0.0070879,          4.2711e-05,            0.001849,            0.001849,            0.001849
                 249,            0.019076,            0.008544,          4.3763e-05,             0.72712,             0.66412,             0.67875,             0.40759,            0.042774,            0.007178,          4.2447e-05,            0.001816,            0.001816,            0.001816
                 250,            0.018818,           0.0085238,          4.3631e-05,             0.73558,             0.66894,             0.67348,             0.40567,            0.043038,           0.0072585,          4.2143e-05,            0.001783,            0.001783,            0.001783
                 251,            0.019524,           0.0090191,          4.1664e-05,             0.70227,             0.68422,             0.67632,             0.39743,            0.042963,           0.0073916,          4.1669e-05,             0.00175,             0.00175,             0.00175
                 252,            0.019189,           0.0085089,          4.2499e-05,             0.73382,             0.64122,             0.66737,             0.39686,            0.043064,           0.0072755,          4.1883e-05,            0.001717,            0.001717,            0.001717
                 253,            0.019435,           0.0086185,          4.2082e-05,             0.67476,             0.69084,             0.67147,             0.40062,            0.043021,           0.0072627,          4.2049e-05,            0.001684,            0.001684,            0.001684
                 254,             0.01928,           0.0085561,          4.2926e-05,             0.71149,             0.67939,             0.68128,             0.40589,            0.042872,           0.0073879,          4.2716e-05,            0.001651,            0.001651,            0.001651
                 255,            0.018859,            0.008359,          4.1752e-05,             0.77445,             0.63359,             0.68166,             0.40242,            0.042937,           0.0074182,          4.2221e-05,            0.001618,            0.001618,            0.001618
                 256,            0.018524,           0.0085374,          4.0231e-05,             0.77082,             0.64187,             0.68477,             0.40587,            0.042792,            0.007525,          4.0661e-05,            0.001585,            0.001585,            0.001585
                 257,            0.018372,           0.0083678,          3.8342e-05,             0.76479,             0.63292,             0.68399,             0.40513,            0.042815,           0.0074507,          4.0041e-05,            0.001552,            0.001552,            0.001552
                 258,            0.018762,           0.0084325,          3.9456e-05,             0.71663,             0.65637,             0.66893,             0.39894,            0.042887,           0.0074497,          3.9396e-05,            0.001519,            0.001519,            0.001519
                 259,            0.018628,           0.0084914,           3.723e-05,             0.70476,             0.64504,              0.6742,              0.4002,            0.042563,           0.0074474,          3.8465e-05,            0.001486,            0.001486,            0.001486
                 260,            0.018788,           0.0083426,          3.7232e-05,             0.69844,             0.68321,             0.68386,             0.40557,            0.042292,           0.0073137,           3.829e-05,            0.001453,            0.001453,            0.001453
                 261,            0.018759,           0.0083979,          3.7055e-05,             0.74536,             0.64122,             0.67456,             0.40068,            0.042376,           0.0072684,          3.7828e-05,             0.00142,             0.00142,             0.00142
                 262,            0.019066,           0.0083139,          3.7372e-05,             0.75214,             0.64122,             0.68231,             0.40107,            0.042492,           0.0072365,           3.741e-05,            0.001387,            0.001387,            0.001387
                 263,            0.018907,           0.0085509,          3.7694e-05,             0.72649,             0.68702,             0.69009,             0.40527,            0.042542,            0.007452,          3.8015e-05,            0.001354,            0.001354,            0.001354
                 264,            0.018535,           0.0083994,          3.5937e-05,             0.78166,             0.64222,             0.69442,              0.4097,            0.042746,             0.00745,          3.7921e-05,            0.001321,            0.001321,            0.001321
                 265,             0.01861,           0.0081948,          3.6121e-05,             0.72855,             0.68321,             0.68294,             0.40636,            0.042745,           0.0074694,          3.8137e-05,            0.001288,            0.001288,            0.001288
                 266,            0.018464,           0.0083016,          3.5188e-05,             0.72975,             0.67939,             0.68702,             0.40378,            0.042633,           0.0073332,          3.7427e-05,            0.001255,            0.001255,            0.001255
                 267,            0.018453,           0.0082005,          3.4918e-05,             0.71682,             0.66794,             0.68597,             0.40789,            0.042762,           0.0072956,          3.6678e-05,            0.001222,            0.001222,            0.001222
                 268,            0.018205,             0.00807,          3.4693e-05,             0.76496,             0.64596,             0.69265,             0.40712,            0.042629,            0.007334,          3.6508e-05,            0.001189,            0.001189,            0.001189
                 269,            0.018286,            0.008558,          3.4771e-05,             0.74313,             0.65649,             0.68681,             0.40442,              0.0426,           0.0073415,          3.6197e-05,            0.001156,            0.001156,            0.001156
                 270,             0.01822,           0.0085203,          3.4705e-05,             0.76823,             0.64521,             0.68059,             0.39953,            0.042825,           0.0075179,          3.6815e-05,            0.001123,            0.001123,            0.001123
                 271,            0.017591,           0.0080671,          3.2749e-05,             0.75166,             0.67557,             0.67622,             0.39595,            0.043081,            0.007649,          3.6491e-05,             0.00109,             0.00109,             0.00109
                 272,            0.017873,           0.0080168,          3.3493e-05,             0.74306,             0.67939,             0.67428,             0.39113,            0.043114,           0.0075515,          3.6542e-05,            0.001057,            0.001057,            0.001057
                 273,            0.017675,           0.0077972,          3.2666e-05,             0.73261,             0.65267,             0.66689,             0.39532,            0.043018,            0.007528,          3.6073e-05,            0.001024,            0.001024,            0.001024
                 274,            0.018015,           0.0082765,           3.182e-05,             0.74259,             0.66412,              0.6747,             0.40224,            0.042851,           0.0075847,           3.541e-05,            0.000991,            0.000991,            0.000991
                 275,            0.017738,           0.0083123,          3.1219e-05,              0.7509,             0.65649,             0.67836,             0.39512,            0.043168,           0.0076093,          3.5159e-05,            0.000958,            0.000958,            0.000958
                 276,            0.017808,           0.0081943,          3.0859e-05,             0.73102,             0.65267,             0.66984,             0.39169,            0.043227,           0.0076676,          3.5015e-05,            0.000925,            0.000925,            0.000925
                 277,            0.017756,           0.0081617,          3.1225e-05,             0.74083,             0.65463,             0.67259,             0.39461,            0.042655,           0.0076363,          3.4818e-05,            0.000892,            0.000892,            0.000892
                 278,            0.017454,           0.0080232,          3.1388e-05,             0.75172,             0.65649,             0.68219,             0.40001,            0.042438,           0.0076253,          3.4569e-05,            0.000859,            0.000859,            0.000859
                 279,            0.017417,           0.0079964,          3.0362e-05,             0.75321,             0.65234,             0.67922,              0.3971,            0.042773,           0.0076081,          3.4302e-05,            0.000826,            0.000826,            0.000826
                 280,            0.017441,           0.0078707,          3.0392e-05,             0.73545,             0.67176,             0.67988,             0.40073,            0.042849,           0.0075671,           3.426e-05,            0.000793,            0.000793,            0.000793
                 281,            0.017693,           0.0078244,          3.0798e-05,             0.74301,             0.67176,             0.69338,             0.40565,            0.042777,            0.007536,          3.4078e-05,             0.00076,             0.00076,             0.00076
                 282,            0.017188,           0.0079101,          2.9225e-05,             0.73992,             0.66794,             0.68777,             0.40067,            0.042951,           0.0075504,          3.3724e-05,            0.000727,            0.000727,            0.000727
                 283,            0.017571,           0.0079458,          2.8698e-05,             0.73348,             0.66031,             0.68867,             0.40464,            0.043024,           0.0075934,          3.3445e-05,            0.000694,            0.000694,            0.000694
                 284,             0.01695,           0.0076585,          2.8655e-05,             0.72386,             0.66412,             0.67767,             0.39517,            0.043002,           0.0076669,            3.36e-05,            0.000661,            0.000661,            0.000661
                 285,            0.017637,           0.0082832,          2.9013e-05,             0.73635,             0.66794,              0.6766,             0.39835,            0.042891,           0.0076585,          3.3472e-05,            0.000628,            0.000628,            0.000628
                 286,            0.017253,           0.0079491,          2.8282e-05,              0.7351,             0.67176,             0.67454,             0.39752,            0.043027,           0.0076431,           3.317e-05,            0.000595,            0.000595,            0.000595
                 287,             0.01756,           0.0082164,          2.8744e-05,             0.74386,             0.66031,              0.6775,             0.39609,            0.043074,            0.007623,          3.3391e-05,            0.000562,            0.000562,            0.000562
                 288,            0.017365,           0.0077889,          2.8084e-05,              0.7652,             0.65649,             0.68265,             0.39844,            0.042864,           0.0075932,          3.3103e-05,            0.000529,            0.000529,            0.000529
                 289,            0.017444,           0.0080293,          2.8109e-05,             0.78005,             0.64504,             0.68243,             0.40124,            0.042979,            0.007534,          3.2907e-05,            0.000496,            0.000496,            0.000496
                 290,            0.017338,           0.0079462,           2.754e-05,              0.7326,             0.67557,             0.68235,             0.40162,            0.043054,           0.0075703,          3.2419e-05,            0.000463,            0.000463,            0.000463
                 291,            0.017528,            0.007979,          2.7805e-05,             0.73129,             0.69084,             0.68145,              0.4001,            0.042992,           0.0075952,          3.2433e-05,             0.00043,             0.00043,             0.00043
                 292,            0.017149,           0.0079454,          2.7135e-05,              0.7402,             0.68508,             0.68748,             0.40716,             0.04276,           0.0076081,          3.2367e-05,            0.000397,            0.000397,            0.000397
                 293,             0.01713,           0.0080452,          2.7458e-05,             0.75806,              0.6697,             0.68719,             0.40475,            0.042704,           0.0076097,           3.249e-05,            0.000364,            0.000364,            0.000364
                 294,            0.017444,           0.0077521,          2.7797e-05,             0.74144,             0.67176,             0.68254,             0.40355,            0.042847,           0.0076273,          3.2498e-05,            0.000331,            0.000331,            0.000331
                 295,            0.017089,           0.0079067,          2.7013e-05,             0.73643,             0.67176,             0.68258,             0.40505,            0.042884,           0.0076264,          3.2293e-05,            0.000298,            0.000298,            0.000298
                 296,            0.017125,           0.0079285,          2.6522e-05,             0.76475,             0.66031,              0.6822,             0.40603,            0.042902,           0.0076272,          3.1767e-05,            0.000265,            0.000265,            0.000265
                 297,            0.016955,           0.0080359,          2.6754e-05,             0.73786,             0.67939,              0.6822,             0.40257,            0.042979,           0.0076493,           3.157e-05,            0.000232,            0.000232,            0.000232
                 298,            0.016925,           0.0078012,          2.5814e-05,             0.72736,             0.68321,             0.67966,             0.40418,            0.043004,           0.0076686,          3.1601e-05,            0.000199,            0.000199,            0.000199
                 299,            0.017473,           0.0081393,          2.7041e-05,             0.73911,             0.67176,             0.68175,             0.40347,            0.043023,           0.0076524,          3.1666e-05,            0.000166,            0.000166,            0.000166
